load_multiplier,worst_site,worst_link_utilisation,total_mbps_all_sites,voice_mbps,video_mbps,telemetry_mbps
1.0,BS1,0.02058,10.29,0.24,10.05,0.0001
1.5,BS1,0.03087,15.435,0.36,15.075,0.0001
2.0,BS1,0.04116,20.58,0.48,20.1,0.0002
2.5,BS1,0.05145,25.725,0.6,25.125,0.0002
3.0,BS1,0.061741,30.8705,0.72,30.15,0.0003
3.5,BS1,0.072031,36.0155,0.84,35.175,0.0003
4.0,BS1,0.082321,41.1605,0.96,40.2,0.0003
5.0,BS1,0.102901,51.4505,1.2,50.25,0.0004
